Gene ID	LSV ID	LSV Type	E(dPSI) per LSV junction	P(|dPSI|>=0.20) per LSV junction	P(|dPSI|<=0.05) per LSV junction	s1 E(PSI)	s2 E(PSI)	A5SS	A3SS	ES	Num. Junctions	Num. Exons	Junctions coords	IR coords
ENSG00000197563.11	ENSG00000197563.11:s:62095848-62095950	s|1e1.1o1|1e2.1o1	1.0054790178778234e-09;-1.1297550672750565e-09	5.075293401342987e-21;5.07529299154338e-21	0.9999999553268422;0.9999999549827877	0.998;0.002	0.999;0.001	False	False	True	2	3	62090578-62095848;62088842-62095848	
ENSG00000197563.11	ENSG00000197563.11:t:62154566-62154651	t|1e1.1o1|1e2.1o1	-0.0028923741550971375;0.0028923784185599056	5.854989825351324e-21;6.661395885137063e-16	0.8999333663302642;0.8999334986228076	0.034;0.966	0.012;0.988	False	False	True	2	3	62154651-62161133;62154651-62157129	
ENSG00000168591.16	ENSG00000168591.16:s:44190501-44190886	s|1e1.1o1|i	-0.002906601780782881;0.0029066076403323694	6.193284526854653e-21;1.118327658808139e-12	0.8899910356573182;0.8899911687177823	0.032;0.968	0.014;0.986	False	False	False	1	2	44190886-44191106;44190887-44191105	44190887-44191105
ENSG00000197563.11	ENSG00000197563.11:s:62143306-62143346	s|1e1.1o1|1e2.1o1	0.018826343817562576;-0.018826333169163784	3.1588065592439667e-12;1.0118785133470483e-20	0.6282885276306854;0.6282882830818344	0.948;0.052	0.992;0.008	False	False	True	2	3	62140479-62143306;62139075-62143306	
ENSG00000132780.17	ENSG00000132780.17:s:45606482-45606680	s|1e1.1o1|1e2.1o1	0.5841552783423587;-0.5841553979620249	1.0;1.0	1.7114621073263512e-20;0.0	0.263;0.737	0.832;0.168	False	False	True	2	3	45606591-45607321;45606591-45613169	
ENSG00000197563.11	ENSG00000197563.11:t:62109834-62110150	t|1e1.1o1|1e2.1o1	0.0034585161413904436;-0.0034584994604466967	2.2086887881105568e-11;5.55913652744647e-11	0.7558538048616043;0.7558534264997875	0.063;0.937	0.069;0.931	False	False	True	2	3	62109973-62114561;62109973-62113134	
ENSG00000197563.11	ENSG00000197563.11:t:62102794-62102902	t|1e1.1o1|1e2.1o1|1e3.1o1	1.9950981166821854e-09;-2.7554919884280555e-10;-2.7554919884280555e-10	5.075293495558757e-21;5.075293076082608e-21;5.075293076082608e-21	0.9999999200821662;0.9999999890202232;0.9999999890202232	0.998;0.001;0.001	0.998;0.001;0.001	False	False	True	3	4	62102902-62105543;62102902-62103719;62102902-62103589	
ENSG00000197563.11	ENSG00000197563.11:t:62163531-62163656	t|1e1.1o1|1e2.1o1|1e3.1o1|1e4.1o1	-3.090148351110069e-05;0.00016590577539414008;-3.090148351110069e-05;-3.090148351110069e-05	1.69173236981938e-08;1.930960327384232e-07;1.69173236981938e-08;1.69173236981938e-08	0.994470617151486;0.9682809713121924;0.994470617151486;0.994470617151486	0.004;0.987;0.004;0.004	0.004;0.988;0.004;0.004	False	False	True	4	5	62163656-62187023;62163656-62186844;62163656-62186250;62163656-62174327	
ENSG00000113360.16	ENSG00000113360.16:s:31526079-31526326	s|1e1.1o1|1e2.1o1|1e3.1o1	-0.022947867015259006;0.014486235813708899;0.008587009775487077	0.00013759784739854607;9.995461597282105e-07;8.360279679293763e-21	0.46915640666874203;0.6061119227620396;0.6810219264909005	0.879;0.077;0.045	0.841;0.098;0.056	False	False	True	3	4	31521215-31526079;31515564-31526079;31515219-31526079	
ENSG00000132780.17	ENSG00000132780.17:t:45602255-45602365	t|1e1.1o1|1e2.1o1|1e3.1o1|1e4.1o1	7.771559904177155e-16;-0.6087974523761952;-2.4661228605380966e-07;0.620678650873328	5.075293103353298e-21;1.0;5.075359424305007e-21;1.0	1.0;0.0;0.999990173420852;1.5700529290017866e-20	0.000;0.858;0.019;0.124	0.000;0.265;0.003;0.730	False	False	True	4	5	45584205-45602255;45591270-45602255;45594773-45602255;45600457-45602255	
ENSG00000168591.16	ENSG00000168591.16:t:44188851-44189091	t|1e3.1o1|1e4.1o1|2e1.1o1|2e2.1o2|2e2.2o2|2e3.1o1	-0.22474927827078806;0.26094224292465373;-0.0424831056526205;0.01203125305827063;-0.011403366286643363;0.011920313956466236	0.6583163366699426;0.830551230510836;0.0003366945932969482;1.1229751926865763e-08;2.0838493599519378e-05;2.50291011297232e-07	0.0010379034899551387;2.5188513318175363e-05;0.3312496267109364;0.6272604867813827;0.5852843900240678;0.5919967779964199	0.393;0.189;0.132;0.065;0.138;0.073	0.165;0.458;0.070;0.088;0.117;0.099	True	True	True	6	5	44187743-44188935;44188009-44188935;44187109-44189022;44187400-44189022;44187431-44189022;44187743-44189022	
ENSG00000273136.7	ENSG00000273136.7:t:120805556-120805710	t|1e1.1o1|1e2.1o1|1e3.1o2|1e3.2o2	0.00022433654487066034;0.00022433654487066034;-0.0011640172298661212;0.00022433654487066034	9.762499336707415e-07;9.762499336707415e-07;9.270642701970309e-06;9.762499336707415e-07	0.9898505668134704;0.9898505668134704;0.9479785326121959;0.9898505668134704	0.002;0.002;0.993;0.002	0.006;0.006;0.983;0.006	True	False	True	4	4	120793496-120805556;120803034-120805556;120805453-120805556;120805458-120805556	
ENSG00000273136.7	ENSG00000273136.7:s:120831988-120832160	s|1e1.1o1|1e2.1o1	-3.2085200897996036e-14;7.771559904177155e-16	5.075293103339118e-21;5.075293103353298e-21	0.9999999999942916;1.0	0.997;0.003	0.996;0.004	False	False	True	2	3	120832160-120832875;120832160-120834495	
ENSG00000197563.11	ENSG00000197563.11:t:62041164-62045979	t|1e1.1o1|1e2.1o1|1e3.1o1|1e4.1o1	0.0001792635098864827;-2.7901228484229826e-05;-2.7901228484229826e-05;-2.7901228484229826e-05	4.476466086705388e-09;2.8998364495981843e-10;2.8998364495981843e-10;2.8998364495981843e-10	0.9927958172414788;0.9988746420821399;0.9988746420821399;0.9988746420821399	0.990;0.003;0.003;0.003	0.998;0.001;0.001;0.001	False	False	True	4	5	62045979-62072673;62045979-62072321;62045979-62070390;62045979-62056722	
ENSG00000132780.17	ENSG00000132780.17:s:45583988-45584205	s|1e1.1o1|1e2.1o1|1e3.1o1	7.771559904177155e-16;1.1116726393178065e-11;7.771559904177155e-16	5.075293103353298e-21;5.075293102252925e-21;5.075293103353298e-21	1.0;0.9999999995569667;1.0	0.007;0.992;0.000	0.003;0.997;0.000	False	False	True	3	4	45584205-45588651;45584205-45591223;45584205-45602255	
ENSG00000197563.11	ENSG00000197563.11:t:62138983-62139075	t|1e1.1o1|1e2.1o1	-0.01824128030273985;0.01824129239659926	9.963000642867889e-21;2.4271140662283792e-11	0.6335147504529104;0.6335149554637811	0.054;0.946	0.008;0.992	False	False	True	2	3	62139075-62143306;62139075-62140420	
ENSG00000273136.7	ENSG00000273136.7:s:120834495-120834546	s|1e1.1o1|1e2.1o1|1e3.1o1	0.017860206832546497;-0.0046007977002633805;-0.0022255025832975434	0.01427392687571779;0.010756975711882168;2.1903611571655142e-10	0.32552574058665285;0.3520143938364024;0.918777891239995	0.297;0.685;0.024	0.338;0.659;0.003	False	False	True	3	4	120834546-120834630;120834546-120837169;120834546-120840350	
ENSG00000132780.17	ENSG00000132780.17:t:45606482-45606680	t|1e1.1o1|1e2.1o1|1e3.2o2|2e3.1o2	7.771559904177155e-16;7.771559904177155e-16;7.771565551787895e-16;7.771559904177155e-16	5.075293103353298e-21;5.075293103353298e-21;5.075293103353298e-21;5.075293103353298e-21	1.0;1.0;1.0;1.0	0.000;0.000;0.999;0.000	0.000;0.000;0.999;0.000	True	True	True	4	4	45591270-45606482;45602365-45606482;45605016-45606482;45604965-45606517	
ENSG00000197563.11	ENSG00000197563.11:s:62138243-62138298	s|1e1.1o1|1e2.1o1|1e3.1o1|1e4.1o1	-0.005054609878229106;7.771559904177155e-16;0.005912570925457137;7.771559904177155e-16	6.440402591672236e-21;5.075293103353298e-21;1.0524914924340442e-13;5.075293103353298e-21	0.8412196232729732;1.0;0.8206275611499774;1.0	0.043;0.001;0.955;0.001	0.016;0.001;0.983;0.001	False	False	True	4	5	62137112-62138243;62123544-62138243;62114639-62138243;62107085-62138243	
ENSG00000132780.17	ENSG00000132780.17:s:45591223-45591270	s|1e1.1o1|1e2.1o1|1e3.1o1|1e4.2o2|1e5.1o2|1e6.1o1	-1.3392007978346982e-08;0.5575015951538899;-0.5356265819522776;-0.0009692979645191164;7.771559904177155e-16;7.771559904177155e-16	5.0752964350666e-21;1.0;1.0;5.334312833196844e-21;5.075293103353298e-21;5.075293103353298e-21	0.9999994597833013;1.8157571998552957e-20;0.0;0.9633451155693976;1.0;1.0	0.013;0.138;0.820;0.035;0.000;0.000	0.010;0.677;0.297;0.019;0.000;0.000	False	False	True	6	7	45591270-45594694;45591270-45600385;45591270-45602255;45591270-45604936;45591270-45606482;45591270-45613169	
ENSG00000273136.7	ENSG00000273136.7:s:120809811-120809883	s|1e1.1o1|1e2.1o1	6.3732439242081904e-06;-6.373434179879067e-06	3.5420093496744603e-13;5.077576569300619e-21	0.9996549924225243;0.9996549978418765	0.996;0.004	0.997;0.003	False	False	True	2	3	120809883-120810347;120809883-120816622	
ENSG00000128708.13	ENSG00000128708.13:t:171964833-171965517	t|1e1.1o1|1e2.1o1	1.774941650095475e-07;-1.7753395472280183e-07	5.0753367490038935e-21;5.07534031762645e-21	0.9999929275106805;0.999992925132866	0.003;0.997	0.013;0.987	False	False	True	2	3	171946783-171965338;171953001-171965338	
ENSG00000197563.11	ENSG00000197563.11:s:62157129-62157227	s|1e1.1o1|1e2.2o2	1.5132774193015937e-10;-5.510919071509106e-11	5.075293084494221e-21;5.075293097899162e-21	0.9999999924069377;0.9999999978040406	0.998;0.002	0.999;0.001	False	False	True	2	3	62154651-62157129;62148253-62157129	
ENSG00000182899.17	ENSG00000182899.17:s:197951159-197951665	s|1e1.1o1|1e2.1o1|1e3.1o1|2e3.1o1	7.771559904177155e-16;7.771559904177155e-16;-0.6507306305261756;0.6568763424188676	5.075293103353298e-21;5.075293103353298e-21;1.0;1.0	1.0;1.0;0.0;1.424981206694369e-20	0.000;0.002;0.897;0.101	0.000;0.001;0.250;0.749	True	False	True	4	4	197951311-197952540;197951311-197953488;197951311-197954003;197951328-197954003	
ENSG00000128708.13	ENSG00000128708.13:s:171925537-171925641	s|1e1.1o1|1e2.1o1	-0.8157179734769479;0.8157179257348682	1.0;1.0	0.0;7.980488969973263e-21	0.915;0.085	0.123;0.877	False	False	True	2	3	171925641-171946708;171925641-171952881	
ENSG00000113360.16	ENSG00000113360.16:s:31467939-31468063	s|1e1.1o1|1e2.1o1|1e3.1o1	-1.4328604257513375e-09;-1.4328604257513375e-09;5.900691313539016e-09	5.0752929560914296e-21;5.0752929560914296e-21;5.075295394159333e-21	0.9999999407090553;0.9999999407090553;0.9999996926984268	0.001;0.001;0.998	0.001;0.001;0.998	False	False	True	3	4	31467612-31467939;31467166-31467939;31466281-31467939	
ENSG00000168591.16	ENSG00000168591.16:s:44187206-44187431	s|1e1.2o2|2e1.2o2|i	0.011720401748288962;-0.024711506483977685;0.009855577375055782	1.057972543422061e-06;0.001051594429866801;0.00029910574911311814	0.5731284690101082;0.40407518456598845;0.5060933622018629	0.091;0.189;0.719	0.112;0.151;0.744	True	False	False	2	2	44187400-44189022;44187431-44189022;44187432-44187616	44187432-44187616
ENSG00000182899.17	ENSG00000182899.17:t:197951159-197951665	t|1e1.2o2|1e2.1o1	7.771559904177155e-16;7.771559904177155e-16	5.075293103353298e-21;5.075293103353298e-21	1.0;1.0	0.001;0.999	0.001;0.999	False	False	True	2	3	197950883-197951159;197950978-197951159	
ENSG00000113360.16	ENSG00000113360.16:t:31530798-31530924	t|1e1.1o1|1e2.1o1|1e3.1o1	2.605115492927442e-07;0.6081155847072297;-0.608710019716052	5.0753630669463894e-21;0.999999999995493;0.9999999999969881	0.9999888774099571;1.592543265562151e-20;0.0	0.001;0.097;0.902	0.002;0.687;0.311	False	False	True	3	4	31530924-31532114;31530924-31531990;31530924-31531450	
ENSG00000197563.11	ENSG00000197563.11:s:62084531-62084606	s|1e1.1o2|1e1.2o2|1e2.1o1	1.4405961717385695e-11;7.771559904177155e-16;7.771559904177155e-16	5.07529308054234e-21;5.075293103353298e-21;5.075293103353298e-21	0.9999999908158163;1.0;1.0	0.998;0.001;0.001	0.998;0.001;0.001	False	True	True	3	3	62082746-62084531;62082706-62084531;62072725-62084531	
ENSG00000273136.7	ENSG00000273136.7:s:120832875-120832983	s|1e1.1o1|1e2.1o1	7.771549314749044e-16;7.771559904177155e-16	5.075293103353298e-21;5.075293103353298e-21	1.0;1.0	0.999;0.001	0.999;0.001	False	False	True	2	3	120832983-120833603;120832983-120840350	
ENSG00000182899.17	ENSG00000182899.17:t:197954003-197954451	t|1e1.1o2|1e1.2o2|1e2.1o1|1e3.1o1	-0.6509397771113956;0.6562847953576322;7.771559904177155e-16;7.771559904177155e-16	1.0;1.0;5.075293103353298e-21;5.075293103353298e-21	0.0;1.4273640881569697e-20;1.0;1.0	0.897;0.101;0.000;0.003	0.250;0.749;0.000;0.001	True	False	True	4	4	197951311-197954003;197951328-197954003;197952625-197954003;197953660-197954003	
ENSG00000182899.17	ENSG00000182899.17:t:197950936-197950978	t|1e1.1o2|1e1.2o2|1e2.1o2	0.36085153675865395;-0.3609671445427953;7.771559904177155e-16	0.9999261960095716;0.9999275610820753;5.075293103353298e-21	2.25318083017423e-20;0.0;1.0	0.043;0.957;0.000	0.374;0.626;0.000	True	False	True	3	3	197950221-197950936;197950299-197950936;197950759-197950936	
ENSG00000273136.7	ENSG00000273136.7:t:120830416-120830588	t|1e1.1o1|1e2.1o1|1e3.1o1	0.0642790347332371;-0.1143707194803687;0.04098644416424199	0.0048057501527421515;0.21353435756978417;0.04592126232803418	0.17823053523691196;0.05583731783425161;0.20951580306682455	0.038;0.434;0.524	0.121;0.299;0.582	False	False	True	3	4	120823360-120830416;120824917-120830416;120829815-120830416	
ENSG00000168591.16	ENSG00000168591.16:s:44189207-44189299	s|1e1.1o2|1e1.2o2|1e2.1o1|i	0.012388209540745033;0.004235190046841232;0.2003470541514143;-0.22035852434198547	8.487931996636636e-12;9.472387372694051e-10;0.5124422307154326;0.6426344266820163	0.652278097969596;0.6968713662950629;0.00025105110327726247;0.00031552259806655325	0.049;0.091;0.118;0.739	0.064;0.102;0.319;0.517	False	True	True	3	3	44189299-44189411;44189299-44189424;44189299-44190501;44189300-44189369	44189300-44189369
ENSG00000273136.7	ENSG00000273136.7:s:120823974-120824146	s|1e1.1o1|1e2.1o1|1e3.1o1	0.012280180190937521;-0.012759738709062125;1.6285620791324837e-06	0.00023546232769375305;0.00023841049549924487;5.075800421941499e-21	0.4970071404233231;0.49430430889094923;0.999916749850149	0.869;0.129;0.002	0.897;0.101;0.003	False	False	True	3	4	120824146-120824866;120824146-120829764;120824146-120836517	
ENSG00000113360.16	ENSG00000113360.16:t:31486491-31486562	t|1e1.1o1|1e2.1o1|1e3.1o1	-0.002546331181648077;0.0022684728291352953;5.511094999132428e-11	4.3928835558602666e-16;5.755791088737761e-21;5.0752930978991425e-21	0.8915395284589319;0.9029214449874671;0.9999999978040406	0.977;0.022;0.001	0.964;0.035;0.001	False	False	True	3	4	31486562-31493207;31486562-31488982;31486562-31486673	
ENSG00000064102.15	ENSG00000064102.15:t:26913974-26914128	t|1e1.1o1|1e2.1o1	0.7843901998436901;-0.7843902005942553	1.0;1.0	9.057362636750671e-21;0.0	0.100;0.900	0.869;0.131	False	False	True	2	3	26914128-26916002;26914128-26914408	
ENSG00000273136.7	ENSG00000273136.7:s:120805713-120805765	s|1e1.1o1|1e2.1o1	-0.8371276575507158;0.8366159724224651	1.0;1.0	0.0;6.3134017064347195e-21	0.896;0.104	0.069;0.931	False	False	True	2	3	120805765-120807607;120805765-120808545	
ENSG00000197563.11	ENSG00000197563.11:s:62109834-62110150	s|1e1.1o1|1e2.1o1	-4.24347303449818e-09;4.1831269067951176e-09	5.075292683384302e-21;5.075294049144679e-21	0.9999998309108076;0.9999998319616832	0.002;0.998	0.001;0.999	False	False	True	2	3	62107586-62109834;62107085-62109834	
ENSG00000113360.16	ENSG00000113360.16:s:31422787-31423321	s|1e1.1o1|1e2.1o1	9.093194487982955e-10;-8.481966654750424e-10	5.075293389580302e-21;5.075292968968691e-21	0.9999999505908957;0.9999999458936903	0.002;0.998	0.002;0.998	False	False	True	2	3	31421867-31422787;31421377-31422787	
ENSG00000124151.19	ENSG00000124151.19:t:47623911-47624083	t|1e1.1o1|1e2.1o1	-4.663808519124399e-09;4.629312047659485e-09	5.077132931325439e-21;5.075301188151027e-21	0.9999989021404789;0.9999988976284254	0.998;0.002	0.998;0.002	False	False	True	2	3	47622330-47623911;47623020-47623911	
ENSG00000168591.16	ENSG00000168591.16:t:44187617-44187743	t|1e1.1o1|2e1.1o1|i	-3.0236708639734945e-07;-0.055823385714214545;0.05680082729060799	5.258114900637973e-21;0.01805590270094267;0.01898240370951994	0.9999866671818495;0.19391143754628748;0.19005795852899648	0.002;0.272;0.725	0.001;0.189;0.810	False	True	False	2	2	44187109-44187617;44187109-44187676;44187432-44187616	44187432-44187616
ENSG00000132780.17	ENSG00000132780.17:t:45600385-45600457	t|1e1.1o1|1e2.1o1	1.1114743862038005e-05;-1.111481030107279e-05	5.997424829804605e-13;5.078262721161408e-21	0.9995563007325975;0.999556296670762	0.996;0.004	0.999;0.001	False	False	True	2	3	45591270-45600385;45594773-45600385	
ENSG00000132780.17	ENSG00000132780.17:t:45618061-45618904	t|1e1.1o1|1e2.1o1	0.0008124718960425141;-0.0008124549922914246	7.14996756860592e-21;2.1304129815389452e-11	0.7711762109496778;0.7711762844365008	0.040;0.960	0.037;0.963	False	False	True	2	3	45616703-45618061;45617591-45618061	
ENSG00000139200.13	ENSG00000139200.13:s:6695430-6695651	s|1e1.1o1|i	0.8303302670539413;-0.8306121802962873	1.0;1.0	6.5772068464991756e-21;0.0	0.132;0.868	0.938;0.062	False	False	False	1	2	6695057-6695430;6695058-6695429	6695058-6695429
ENSG00000132780.17	ENSG00000132780.17:s:45602255-45602365	s|1e1.1o2|1e1.2o2|1e2.1o2	7.771559904177155e-16;8.096937818363254e-16;7.771559904177155e-16	5.075293103353298e-21;5.075293103353294e-21;5.075293103353298e-21	1.0;0.9999999999999987;1.0	0.002;0.998;0.000	0.000;0.999;0.000	False	True	True	3	3	45602365-45604917;45602365-45604936;45602365-45606482	
ENSG00000128708.13	ENSG00000128708.13:s:171946708-171946783	s|1e1.1o1|1e2.1o1	-0.08779040685657073;0.08779037033156316	0.05663988588103959;0.056639864812944696	0.10917227900712034;0.10917231870270404	0.997;0.003	0.872;0.128	False	False	True	2	3	171946783-171952881;171946783-171965338	
ENSG00000197563.11	ENSG00000197563.11:s:62186844-62187020	s|1e1.1o1|1e2.1o1|1e3.2o2|1e4.1o1|1e5.1o1	-2.7554206779480983e-11;-0.00970198879580124;0.647751127510597;-0.6262846985078837;-2.7554206779480983e-11	5.07529310062623e-21;2.094107074951487e-06;1.0;1.0;5.07529310062623e-21	0.9999999989020228;0.6207042475780788;1.4454995058214362e-20;0.0;0.9999999989020228	0.001;0.185;0.085;0.725;0.001	0.001;0.168;0.718;0.111;0.001	False	False	True	5	6	62174430-62186844;62163656-62186844;62162329-62186844;62161385-62186844;62161226-62186844	
ENSG00000197563.11	ENSG00000197563.11:s:62105040-62105634	s|1e1.1o1|1e2.1o1|1e3.1o1	-2.7554919884280555e-10;-2.7554919884280555e-10;1.9950981166821854e-09	5.075293076082608e-21;5.075293076082608e-21;5.075293495558757e-21	0.9999999890202232;0.9999999890202232;0.9999999200821662	0.001;0.001;0.998	0.001;0.001;0.998	False	False	True	3	4	62103799-62105543;62103599-62105543;62102902-62105543	
ENSG00000273136.7	ENSG00000273136.7:t:120840350-120842110	t|1e1.1o1|1e2.1o1|1e3.1o1	-9.894662434551983e-07;-0.004943611955779205;0.0057295116932141645	5.0762153465738585e-21;2.456855738333329e-07;3.9566286872637227e-07	0.9998571965366809;0.8320807397143859;0.8103403241221402	0.003;0.030;0.968	0.002;0.002;0.995	False	False	True	3	4	120832983-120840350;120834546-120840350;120839740-120840350	
ENSG00000273136.7	ENSG00000273136.7:t:120833603-120833775	t|1e1.1o1|1e2.1o1	0.06319479462091866;-0.06319486976626329	2.0590710991420725e-20;6.451508719648007e-15	0.294482900110929;0.2944826159804107	0.009;0.991	0.091;0.909	False	False	True	2	3	120823360-120833603;120832983-120833603	
ENSG00000124151.19	ENSG00000124151.19:s:47633496-47633636	s|1e1.1o2|1e1.2o2	0.6985948334563873;-0.6985948852062298	1.0;1.0	1.2319293078352891e-20;0.0	0.135;0.865	0.818;0.182	False	True	False	2	2	47633636-47634018;47633636-47634048	
ENSG00000132780.17	ENSG00000132780.17:s:45616626-45616703	s|1e1.1o1|1e2.1o1	-0.00202533178819712;0.0020253502053745784	1.4138294841630835e-10;7.067651361041926e-21	0.774282333853531;0.7742822235450327	0.960;0.040	0.959;0.041	False	False	True	2	3	45616703-45617463;45616703-45618061	
ENSG00000128708.13	ENSG00000128708.13:s:171922448-171922507	s|1e1.1o1|1e2.1o1	-7.582563290205649e-05;7.582603178712345e-05	5.109967058718277e-21;5.401683229253165e-13	0.9947360943378946;0.9947361021851698	0.009;0.991	0.009;0.991	False	False	True	2	3	171922507-171922922;171922507-171925537	
ENSG00000273136.7	ENSG00000273136.7:t:120837169-120837341	t|1e1.1o1|1e2.1o1	-0.019585612223760512;0.019585626903199947	0.006543310879634061;0.006543315142795906	0.3334160111371567;0.3334159731331979	0.404;0.596	0.372;0.628	False	False	True	2	3	120834546-120837169;120836568-120837169	
ENSG00000273136.7	ENSG00000273136.7:t:120811886-120812095	t|1e2.1o1|2e1.1o2	0.0003316830710160457;-0.0003316821402559494	5.6068974781924384e-21;5.194485589212544e-21	0.9823976046666864;0.9823975773047087	0.975;0.025	0.982;0.018	False	True	True	2	3	120810558-120811886;120805584-120811915	
ENSG00000168591.16	ENSG00000168591.16:t:44190501-44190886	t|1e1.1o1|1e2.1o1|1e3.1o1	-3.8025940202901984e-09;0.24823587272463557;-0.24762322695061295	5.075292727017304e-21;0.8295346414009448;0.8263279656117075	0.9999998484785733;1.2339055642588246e-05;1.3459995512943301e-05	0.001;0.122;0.876	0.001;0.375;0.624	False	False	True	3	4	44189091-44190501;44189299-44190501;44189588-44190501	
ENSG00000113360.16	ENSG00000113360.16:s:31529040-31529106	s|1e1.1o1|1e2.1o2	4.133308652607025e-10;-3.0374926045651754e-10	5.075293330578982e-21;5.0752934905841865e-21	0.9999999044757224;0.9999999058828574	0.002;0.998	0.002;0.998	False	False	True	2	3	31527580-31529040;31526912-31529040	
ENSG00000273136.7	ENSG00000273136.7:t:120808545-120808759	t|1e1.1o1|1e2.1o1	0.7898603197931872;-0.7899745649117544	0.9999999999999971;0.9999999999999946	8.228497164697707e-21;0.0	0.129;0.871	0.901;0.099	False	False	True	2	3	120805765-120808545;120807709-120808545	
ENSG00000132780.17	ENSG00000132780.17:t:45613169-45613248	t|1e1.1o1|1e2.1o1|1e3.1o1|1e4.1o1|i	7.771559916008314e-16;-0.5504474830338665;0.58847275438231;-0.019940923534400856;-0.006487469289963337	5.258011338139996e-21;1.0;1.0;1.1581661703467854e-20;8.782225103970118e-21	1.0;0.0;1.6949916179945215e-20;0.6152711308084532;0.7018299695752198	0.000;0.708;0.181;0.054;0.057	0.000;0.170;0.758;0.023;0.048	False	False	True	4	5	45591270-45613169;45606591-45613169;45608337-45613169;45610995-45613169;45610996-45613168	45610996-45613168
ENSG00000113360.16	ENSG00000113360.16:t:31526755-31526912	t|1e1.1o1|2e2.1o1	-3.0374926045651754e-10;4.133308652607025e-10	5.0752934905841865e-21;5.075293330578982e-21	0.9999999058828574;0.9999999044757224	0.998;0.002	0.998;0.002	False	True	True	2	3	31526912-31529040;31526906-31527504	
ENSG00000113360.16	ENSG00000113360.16:t:31514988-31515219	t|1e1.1o1|1e2.1o1|1e3.1o1	0.01038930602246006;-0.7175964295039559;0.7009772681875469	6.452719691915895e-09;1.0;1.0	0.6601330313815071;0.0;1.2382438121180513e-20	0.045;0.784;0.170	0.060;0.082;0.853	False	False	True	3	4	31515219-31526079;31515219-31521123;31515219-31515454	
ENSG00000197563.11	ENSG00000197563.11:s:62161133-62161337	s|1e1.1o1|1e2.1o1	0.0020339942645230054;-0.002033991098355768	5.565326430612358e-21;5.6225920702775405e-21	0.9267405601814124;0.926740463532505	0.966;0.034	0.988;0.012	False	False	True	2	3	62157808-62161133;62154651-62161133	
ENSG00000128708.13	ENSG00000128708.13:t:171925537-171925641	t|1e1.1o1|1e2.1o1	0.00018962083400467732;-0.00018962025978461425	4.114010316576126e-12;5.1413308391569656e-21	0.9901278316276626;0.9901278213883127	0.985;0.015	0.994;0.006	False	False	True	2	3	171922507-171925537;171924927-171925537	
ENSG00000064102.15	ENSG00000064102.15:s:26917352-26917441	s|1e1.1o1|1e2.2o2	2.1624738159083775e-09;-2.038958082145634e-09	5.196889609202415e-21;5.075317550066515e-21	0.9999969437345378;0.9999969454201256	0.998;0.002	0.998;0.002	False	False	True	2	3	26916180-26917352;26914532-26917352	
ENSG00000273136.7	ENSG00000273136.7:s:120818123-120818174	s|1e1.1o1|1e2.1o1	-0.8586607238965027;0.8579708842533803	1.0;1.0	0.0;5.656305353290712e-21	0.932;0.068	0.088;0.912	False	False	True	2	3	120818174-120822104;120818174-120823309	
ENSG00000124151.19	ENSG00000124151.19:s:47649005-47649109	s|1e1.1o1|2e1.1o1	0.7271812326598437;-0.7271812416976651	1.0;1.0	1.1297615493552323e-20;0.0	0.151;0.849	0.863;0.137	True	False	False	2	2	47649097-47650982;47649109-47650982	
ENSG00000132780.17	ENSG00000132780.17:s:45616337-45616393	s|1e1.1o2|1e1.2o2	-9.874305706058242e-09;9.919849286728367e-09	5.075681901191144e-21;5.0752957360679075e-21	0.9999996065390583;0.9999996047272723	0.998;0.002	0.998;0.002	False	True	False	2	2	45616393-45616626;45616393-45616701	
ENSG00000197563.11	ENSG00000197563.11:t:62148214-62148338	t|1e2.1o1|2e1.1o1|2e2.1o1	4.278558757099317e-11;7.771559904177155e-16;7.771559904177155e-16	5.075293096447684e-21;5.075293103353298e-21;5.075293103353298e-21	0.9999999972196552;1.0;1.0	0.998;0.001;0.001	0.998;0.001;0.001	False	True	True	3	3	62148338-62154545;62148253-62157129;62148253-62154545	
ENSG00000124151.19	ENSG00000124151.19:s:47627922-47628023	s|1e1.1o1|1e2.1o1	-9.84553918022732e-08;9.849086873789598e-08	5.075326739791307e-21;5.0753463020281055e-21	0.9999956684432761;0.9999956675851018	0.002;0.998	0.002;0.998	False	False	True	2	3	47628023-47628433;47628023-47633496	
ENSG00000124151.19	ENSG00000124151.19:s:47639008-47639202	s|1e1.1o2|1e1.2o2	-0.7092605501082296;0.709260594033178	1.0;1.0	0.0;1.2008638604521603e-20	0.873;0.127	0.177;0.823	False	True	False	2	2	47639202-47639577;47639202-47639622	
ENSG00000197563.11	ENSG00000197563.11:t:62072370-62072725	t|1e1.1o1|1e2.1o1	7.771559904177155e-16;4.643790754896992e-11	5.075293103353298e-21;5.075293096924786e-21	1.0;0.9999999974117427	0.001;0.999	0.001;0.999	False	False	True	2	3	62072725-62084531;62072725-62074779	
ENSG00000168591.16	ENSG00000168591.16:s:44187617-44187743	s|1e1.1o1|1e2.1o2|1e2.2o2	0.31753642594305453;-0.3503612299415864;0.017013961514237064	0.9092553572404314;0.937385935644359;0.00014064576488196317	0.00014290188872712113;3.182931745027151e-05;0.46735435101774137	0.290;0.587;0.116	0.617;0.236;0.146	False	True	True	3	3	44187743-44187907;44187743-44188935;44187743-44189022	
ENSG00000197563.11	ENSG00000197563.11:t:62106986-62107085	t|1e1.1o1|1e2.1o1|1e3.1o1	-1.8461860160292568e-09;8.510917440809287e-09;-1.8461860160292568e-09	5.075292920639492e-21;5.075295106337578e-21;5.075292920639492e-21	0.9999999264352366;0.9999996579583449;0.9999999264352366	0.001;0.997;0.001	0.001;0.998;0.001	False	False	True	3	4	62107085-62138243;62107085-62109834;62107085-62107468	
ENSG00000197563.11	ENSG00000197563.11:s:62072370-62072725	s|1e1.1o1|1e2.1o1|1e3.1o1|1e4.1o1|1e5.1o1|1e6.1o1|1e7.1o1	7.771559904177155e-16;7.771559904177155e-16;7.771559904177155e-16;7.771559904177155e-16;-0.6893137981137378;0.6894259288954422;7.771559904177155e-16	5.075293103353298e-21;5.075293103353298e-21;5.075293103353298e-21;5.075293103353298e-21;1.0;1.0;5.075293103353298e-21	1.0;1.0;1.0;1.0;0.0;1.2858270692801449e-20;1.0	0.000;0.000;0.000;0.000;0.776;0.222;0.000	0.000;0.000;0.000;0.000;0.101;0.897;0.000	False	False	True	7	8	62072365-62072673;62070506-62072673;62059168-62072673;62059020-62072673;62052957-62072673;62045979-62072673;62017741-62072673	
ENSG00000197563.11	ENSG00000197563.11:t:62161133-62161337	t|1e1.1o1|1e2.1o1|i	-1.9919853515969188e-10;-1.9919853515969188e-10;1.2554055900481333e-09	5.258011317715846e-21;5.258011317715846e-21;5.258011682504419e-21	0.999999991216154;0.999999991216154;0.9999999374849542	0.001;0.001;0.998	0.001;0.001;0.998	False	False	True	2	3	62161226-62186844;62161226-62163531;62161338-62161351	62161338-62161351
ENSG00000273136.7	ENSG00000273136.7:t:120816622-120816827	t|1e1.1o1|1e2.1o1	2.6288467530753114e-07;-2.628989670922194e-07	5.075408450785957e-21;4.637756892942061e-19	0.9999816330991608;0.9999816314387082	0.002;0.998	0.003;0.997	False	False	True	2	3	120809883-120816622;120816157-120816622	
ENSG00000197563.11	ENSG00000197563.11:t:62157687-62157808	t|1e1.1o1|1e2.1o1	8.99756652405927e-11;-2.7554206779480983e-11	5.075293093943208e-21;5.07529310062623e-21	0.9999999962112985;0.9999999989020228	0.999;0.001	0.999;0.001	False	False	True	2	3	62157808-62161133;62157808-62157981	
ENSG00000132780.17	ENSG00000132780.17:t:45591223-45591270	t|1e1.1o1|1e2.1o1	5.6278828149316034e-11;-5.510919071509106e-11	5.075293097775276e-21;5.075293097899162e-21	0.9999999977541701;0.9999999978040406	0.992;0.008	0.999;0.001	False	False	True	2	3	45584205-45591223;45588948-45591223	
ENSG00000113360.16	ENSG00000113360.16:s:31521123-31521215	s|1e1.1o1|1e2.1o1	0.8178462515069376;-0.8178553555645325	1.0;1.0	7.64099866214774e-21;0.0	0.103;0.897	0.902;0.098	False	False	True	2	3	31515564-31521123;31515219-31521123	
ENSG00000064102.15	ENSG00000064102.15:t:26917352-26917441	t|1e1.1o1|1e2.1o1	1.057197078304708e-06;-1.0572375506082762e-06	5.0755541579639774e-21;1.1169107265259158e-16	0.999956462959346;0.9999564578038564	0.002;0.998	0.003;0.997	False	False	True	2	3	26917441-26922616;26917441-26917644	
ENSG00000273136.7	ENSG00000273136.7:s:120723949-120724250	s|1e1.1o2|1e1.2o2	0.00036652085023036187;-0.00036651815735174896	3.537212028313405e-06;3.5374220127970898e-06	0.9570563768379238;0.9570563666545557	0.987;0.013	0.990;0.010	False	True	False	2	2	120724250-120763628;120724250-120763636	
ENSG00000273136.7	ENSG00000273136.7:t:120834495-120834546	t|1e1.1o1|1e2.1o1	0.00011742664029167047;-0.00011742611259921008	5.1085178757547024e-21;6.223456496340325e-15	0.9945427076624839;0.9945427152942766	0.008;0.992	0.014;0.986	False	False	True	2	3	120832160-120834495;120833775-120834495	
ENSG00000182899.17	ENSG00000182899.17:s:197950190-197950299	s|1e1.1o2|1e1.2o2|1e2.1o1|2e2.1o1	7.771559904177155e-16;7.771559904177155e-16;0.360672123989883;-0.36121546068047483	5.075293103353298e-21;5.075293103353298e-21;0.9999199247729658;0.9999394576355217	1.0;1.0;2.2537228718807436e-20;0.0	0.000;0.000;0.043;0.957	0.001;0.000;0.374;0.626	True	True	True	4	3	197950221-197950713;197950221-197950732;197950221-197950936;197950299-197950936	
ENSG00000064102.15	ENSG00000064102.15:s:26916002-26916180	s|1e1.1o2|1e2.1o1	-0.7864239487452469;0.7864237956308519	1.0;1.0	0.0;8.935507737582003e-21	0.884;0.116	0.109;0.891	False	False	True	2	3	26914578-26916002;26914128-26916002	
ENSG00000128708.13	ENSG00000128708.13:t:171952881-171953001	t|1e1.1o1|1e2.1o1	0.8372772852325812;-0.8372774648120898	1.0;1.0	7.109955665355723e-21;0.0	0.079;0.921	0.894;0.106	False	False	True	2	3	171925641-171952881;171946783-171952881	
ENSG00000139200.13	ENSG00000139200.13:t:6698045-6698306	t|1e1.1o1|1e2.1o1|1e3.1o1|1e4.1o1	-0.7648790158008537;0.7646826195772126;5.398443448649362e-07;5.398443448649362e-07	0.999999999999999;0.9999999999999992;5.0761485782168584e-21;5.0761485782168584e-21	0.0;9.507325085981852e-21;0.9998639369992729;0.9998639369992729	0.867;0.129;0.002;0.002	0.118;0.878;0.002;0.002	False	False	True	4	5	6698104-6700614;6698104-6700135;6698104-6699934;6698104-6698457	
ENSG00000273136.7	ENSG00000273136.7:t:120823309-120823360	t|1e1.1o1|1e2.1o2|1e2.2o2	0.8323990767872245;-0.019533799772384168;-0.7802901282557554	1.0;2.005893943336801e-06;1.0	6.807061481159126e-21;0.5883863515264957;0.0	0.086;0.056;0.856	0.893;0.009;0.098	True	False	True	3	3	120818174-120823309;120822156-120823309;120822267-120823309	
ENSG00000197563.11	ENSG00000197563.11:s:62114561-62114639	s|1e1.1o1|1e2.1o1	-0.008101012024012554;0.008101017365846895	2.718372088022498e-09;2.6951352261124558e-09	0.706002123188011;0.7060025841267428	0.940;0.060	0.921;0.079	False	False	True	2	3	62113316-62114561;62109973-62114561	
ENSG00000168591.16	ENSG00000168591.16:s:44186970-44187109	s|1e1.1o2|1e1.2o2|1e2.2o2	-3.4130186380315146e-05;0.03820819212023002;-0.03766079100782578	2.056729353246334e-09;0.0468888308241139;0.04606146367496665	0.9973806108791052;0.20486962258146776;0.20649450007433479	0.005;0.604;0.392	0.004;0.665;0.331	False	True	True	3	3	44187109-44187617;44187109-44187676;44187109-44189022	
ENSG00000197563.11	ENSG00000197563.11:t:62088391-62088842	t|1e1.1o1|1e2.1o1	-2.7554206779480983e-11;1.2154497326614213e-10	5.07529310062623e-21;5.0752930906250375e-21	0.9999999989020228;0.999999994875334	0.002;0.998	0.001;0.999	False	False	True	2	3	62088842-62095848;62088842-62090476	
ENSG00000197563.11	ENSG00000197563.11:s:62088391-62088842	s|1e1.1o1|2e1.1o1	-1.0318819024926339e-10;1.377766077862737e-10	5.075293043931872e-21;5.0752930679013015e-21	0.9999999760756101;0.9999999857262644	0.998;0.002	0.998;0.002	True	False	False	2	2	62085264-62088756;62085264-62088391	
ENSG00000113360.16	ENSG00000113360.16:s:31531990-31532109	s|1e1.1o1|1e2.1o1	-0.738454506229881;0.7384545787972135	1.0;1.0	0.0;1.0783278299046912e-20	0.882;0.118	0.156;0.844	False	False	True	2	3	31531525-31531990;31530924-31531990	
ENSG00000132780.17	ENSG00000132780.17:t:45604917-45605016	t|1e2.1o1|2e1.1o1|2e2.1o1	7.771559904177155e-16;-0.0007910967616999585;0.0011822485358359504	5.075293103353298e-21;5.286515391402736e-21;5.3576640799656386e-21	1.0;0.9698217233626989;0.9558335852501914	0.002;0.034;0.964	0.000;0.016;0.984	False	True	True	3	3	45602365-45604917;45591270-45604936;45602365-45604936	
ENSG00000273136.7	ENSG00000273136.7:s:120823309-120823360	s|1e1.1o1|1e2.1o1|1e3.1o1	-0.6692486090702212;0.0802858008157136;0.5700786020653343	0.9999999999910005;0.014460370720780744;0.9999999011727791	0.0;0.11888569264854022;8.208539791672187e-16	0.905;0.034;0.056	0.259;0.131;0.599	False	False	True	3	4	120823360-120823974;120823360-120830416;120823360-120833603	
ENSG00000168591.16	ENSG00000168591.16:s:44188851-44189091	s|1e1.1o1|1e2.1o1|i	0.008044696275796188;-1.6184955114020695e-09;-0.007693598359445451	6.067464042082131e-06;5.2580111721936e-21;5.563685104886248e-06	0.598348481167062;0.9999999286313004;0.6006949925542232	0.121;0.001;0.877	0.136;0.001;0.863	False	False	True	2	3	44189091-44189207;44189091-44190501;44189092-44189206	44189092-44189206
ENSG00000197563.11	ENSG00000197563.11:t:62161352-62161385	t|1e1.1o1|1e2.1o1|1e3.1o1|1e4.1o1|1e5.1o1	-1.9288424703597536e-10;-0.6687058772124547;-1.9288424703597536e-10;-0.016138488036235413;0.6995526372328921	5.075293084263811e-21;1.0;5.075293084263811e-21;3.931555196606606e-10;1.0	0.9999999923141506;0.0;0.9999999923141506;0.6448207117757498;1.2434635714201296e-20	0.001;0.785;0.001;0.050;0.167	0.001;0.129;0.001;0.022;0.849	False	False	True	5	6	62161385-62187023;62161385-62186844;62161385-62184521;62161385-62163531;62161385-62162253	
ENSG00000273136.7	ENSG00000273136.7:s:120833603-120833775	s|1e1.1o1|1e2.1o1	-0.007021346494517106;0.007021370930682646	7.548602238535204e-07;7.550001528141694e-07	0.6668316717162508;0.6668319257473889	0.915;0.085	0.894;0.106	False	False	True	2	3	120833775-120834495;120833775-120836517	
ENSG00000113360.16	ENSG00000113360.16:t:31466182-31466486	t|1e1.1o1|1e2.1o1	2.902256211349068e-09;-3.003498233598324e-09	5.075293785337557e-21;5.0752927406524884e-21	0.9999998497429331;0.9999998539683634	0.998;0.002	0.998;0.002	False	False	True	2	3	31466281-31467939;31466281-31467142	
